{
    "train_losses": [
        4274.98779296875,
        4273.845703125
    ],
    "val_losses": [
        785.376953125,
        784.8248901367188
    ]
}