{
    "train_losses": [
        3611.447998046875
    ],
    "val_losses": [
        550.8894653320312
    ]
}