{
    "model_name": "MLP_Model",
    "test_mse": 3170.264404296875,
    "test_mae": 39.577430725097656,
    "training_epochs": 1,
    "learning_rate": 0.001,
    "batch_size": 32,
    "hidden_dim": 64,
    "timestamp": "2025-03-11 13:35:30"
}