{
    "train_losses": [
        3682.625,
        3666.550048828125
    ],
    "val_losses": [
        570.9226684570312,
        564.6702880859375
    ]
}