{
    "train_losses": [
        4263.58349609375
    ],
    "val_losses": [
        5013.9033203125
    ]
}