{
    "model_name": "MLP_Model",
    "test_mse": 3142.28857421875,
    "test_mae": 39.216068267822266,
    "training_epochs": 2,
    "learning_rate": 0.001,
    "batch_size": 32,
    "hidden_dim": 64,
    "timestamp": "2025-03-11 13:33:57"
}