{
    "train_losses": [
        3975.4075927734375,
        2125.119140625
    ],
    "val_losses": [
        2139.00244140625,
        2105.91552734375
    ]
}