{
    "model_name": "Custom_Model",
    "test_mse": 9316.9384765625,
    "test_mae": 76.95210266113281,
    "training_epochs": 1,
    "learning_rate": 0.001,
    "batch_size": 32,
    "hidden_dim": 64,
    "timestamp": "2025-03-11 13:41:16"
}
