{
    "train_losses": [
        3673.554931640625
    ],
    "val_losses": [
        567.3319091796875
    ]
}
