{
    "train_losses": [
        3692.339111328125
    ],
    "val_losses": [
        581.7362060546875
    ]
}
