{
    "models": {
        "Custom_Model": {
            "mse": 9316.9384765625,
            "mae": 76.95210266113281
        },
        "MLP_Model": {
            "mse": 9365.9775390625,
            "mae": 77.23444366455078
        },
        "Ramsey_GNN": {
            "mse": 9348.2685546875,
            "mae": 77.1153564453125
        }
    },
    "timestamp": "2025-03-11 13:41:18",
    "dataset_size": 10,
    "epochs": 1
}