{
    "train_losses": [
        3686.826171875
    ],
    "val_losses": [
        577.4291381835938
    ]
}
