{
    "train_losses": [
        3688.262939453125,
        3672.12255859375
    ],
    "val_losses": [
        576.0242309570312,
        569.3604736328125
    ]
}