{
    "train_losses": [
        1146.9236723570327,
        945.3669419088137,
        931.8325024592593,
        710.9907629372215,
        421.1991361795875,
        384.1416010045918,
        355.02973223865797,
        331.59214634869176,
        311.33171472078703,
        294.90263294171154,
        282.92357692683635,
        274.6459911004717,
        266.28157871950697,
        261.2862826387451,
        257.1612937969089,
        248.14207531024158,
        245.0052773930691,
        241.84214408916355,
        238.29031033141086,
        233.41101880396087,
        233.1230517845921,
        225.94780980865087,
        223.6836280195107,
        219.8685578201545,
        218.00216725016423,
        214.9262591123145
    ],
    "val_losses": [
        885.4016682253045,
        881.2346206923662,
        846.6728975974908,
        433.6550150725801,
        425.2343074992552,
        384.4504628585557,
        350.64907655877585,
        338.7063350354211,
        323.63267956749866,
        310.3100667403916,
        310.4980281247931,
        309.92446369235796,
        303.8532664412159,
        299.666475586972,
        309.42891098281086,
        302.5163760427701,
        293.6853296312235,
        346.5470931489589,
        303.0357698343568,
        299.7382657325874,
        289.7085057921329,
        294.7556324328406,
        301.01261500988977,
        294.16869897357486,
        311.08947081485036,
        293.5946593203787
    ]
}