{
    "train_losses": [
        1141.9465964141232,
        946.3199898616923,
        939.9944673360375,
        869.1964957674853,
        479.4350226923578,
        389.24856584120056,
        363.8452348447587,
        339.03424189426346,
        318.3333624468425,
        299.7444355073751,
        287.0384878266664,
        276.43564986485234,
        269.2707850649762,
        264.3462925271099,
        256.61530838152174,
        253.7196352329289,
        247.24310364104275,
        241.87917195377665,
        238.5287062873352,
        234.60098644584363,
        229.34492468964683,
        228.78840971951948,
        223.786637063872,
        219.75993182585051,
        219.2787291894665,
        214.49832313718917,
        212.51976082922118,
        209.3517883830794,
        207.63451735585437
    ],
    "val_losses": [
        885.0818202131885,
        882.3756395760229,
        872.9789012327033,
        671.6338151834779,
        402.4354934692383,
        393.5045169894978,
        358.2093238184008,
        334.7402736857786,
        319.35546487064687,
        320.1557975381108,
        315.38834924212955,
        309.45036471092095,
        301.62903866525426,
        296.256288172835,
        294.7462277169955,
        292.1843490600586,
        291.9208567991095,
        295.97987507965604,
        286.9257270683677,
        289.93243369409595,
        292.735772989564,
        288.93450513936705,
        288.90708781096896,
        285.15875114828856,
        290.58516201730504,
        288.0888616270938,
        288.18105057538565,
        322.09862996764105,
        285.82283265711897
    ]
}