{
    "train_losses": [
        1833.9151722807862,
        918.7439747988906,
        819.5518124375714,
        690.224002646529,
        575.1280020099797,
        500.50736588430186,
        455.94559942097425,
        425.39595874803797,
        398.7723040994444,
        385.7600418857244,
        370.2718224373038,
        358.18072175326415,
        351.1170372810538,
        339.2393658084956,
        333.4284178851402,
        325.92324710654344,
        327.3318753177173,
        323.6976264013003,
        321.2873453636692,
        318.5709080804973,
        311.6061046722273,
        313.9684788255387,
        309.65275180067647,
        309.42463238163083,
        303.9716686092011,
        304.93360859074005,
        304.37050221064317,
        303.41020432563676,
        307.0125928556538
    ],
    "val_losses": [
        924.5645972718584,
        848.3343460407663,
        706.6115320083943,
        573.8833702574385,
        512.6846151149019,
        449.978444200881,
        416.85029537119766,
        417.8396424638464,
        384.6770623389711,
        360.1746329449593,
        352.27337841277426,
        336.1975571652676,
        337.3325075190118,
        322.0088601619639,
        314.2354804505693,
        344.67261391497675,
        306.4157974567819,
        309.23864616231714,
        311.0518815060879,
        299.37470034335524,
        299.19396518139126,
        300.9277502830992,
        293.6011524606258,
        291.9404248176737,
        296.2361745631441,
        293.72838543831034,
        293.7256106112866,
        294.650244205556,
        300.60716474817156
    ]
}