{
    "train_losses": [
        584.9391549091234,
        259.3817561845239,
        250.923269393893,
        247.66178414241924,
        247.16883674356575,
        246.62344282244416,
        245.2229476175535,
        243.831784794056,
        243.0186505919183,
        243.4782105747481,
        242.3666789248395,
        243.50409075023924,
        241.894656793291,
        240.38693354465408,
        240.71980963502986,
        239.8852640322837,
        240.39792294127415,
        240.46806101127777,
        239.47084905983544
    ],
    "val_losses": [
        244.5648595518985,
        238.64962975453523,
        242.25658171055682,
        233.64394669613597,
        238.02620457794706,
        238.34857513944982,
        233.05146989984027,
        229.17128398054737,
        232.94458777217542,
        231.2524308673406,
        228.77717331708487,
        230.41055750442763,
        230.42140993021303,
        225.91949365906797,
        236.70311795250845,
        226.70591225058345,
        227.45504999968966,
        226.7510584168515,
        230.42920730073573
    ]
}