{
    "train_losses": [
        3691.376953125,
        3683.83544921875
    ],
    "val_losses": [
        582.134033203125,
        577.632568359375
    ]
}