{
    "train_losses": [
        4285.2841796875,
        4284.0234375
    ],
    "val_losses": [
        790.6324462890625,
        790.0853881835938
    ]
}