{
    "test_mse": 226.5352794241398,
    "test_mae": 10.638256507224225,
    "epochs_trained": 19,
    "final_train_loss": 67.12348549893395,
    "final_val_loss": 223.05488683822307,
    "best_val_loss": 180.99816420534825,
    "best_epoch": 14,
    "early_stopped": true,
    "stopped_reason": "No improvement for 5 epochs",
    "training_parameters": {
        "n_samples": 50000,
        "batch_size": 32,
        "epochs": 1000,
        "learning_rate": 0.001,
        "patience": 5,
        "min_delta": 0.001,
        "overfitting_threshold": 3
    }
}