{
    "train_losses": [
        973.0368701160717,
        541.3159145934054,
        316.50803069789407,
        234.8324085493628,
        184.69529503049972,
        152.7530356551873,
        142.86012974168963,
        126.1745916328221,
        117.11156843000617,
        110.52201942639115,
        101.90450925321421,
        92.0911629831987,
        92.02811869842697,
        86.74663493838128,
        79.88313161999913,
        78.71159397313538,
        74.47264699744132,
        71.16832593328556,
        67.12348549893395
    ],
    "val_losses": [
        831.12986748878,
        399.2272805721202,
        306.07308070406003,
        264.0308734000997,
        243.1585558302859,
        242.93377315440077,
        236.19818150946435,
        212.06723567881482,
        206.2987226120969,
        218.09901720412233,
        199.5249075382314,
        190.241616561565,
        186.19091705971576,
        180.99816420534825,
        196.90653270964927,
        186.16180978328623,
        189.29379675033243,
        197.3234705498878,
        223.05488683822307
    ]
}