{
    "train_losses": [
        1614.5733353581682,
        940.6075118655914,
        940.8329257999957,
        940.6794874341222,
        940.8307039864103,
        940.7656692979104,
        940.8960373231654,
        940.8031369057609,
        940.8004641349835
    ],
    "val_losses": [
        880.1078046378443,
        880.7494568905588,
        879.4419299626754,
        879.422291383905,
        880.1676408153469,
        880.1299647961632,
        883.0186547748114,
        879.5968974485236,
        882.3427855928065
    ]
}