{
    "train_losses": [
        4298.7568359375,
        4250.8046875
    ],
    "val_losses": [
        772.0012817382812,
        750.3236083984375
    ]
}