{
    "train_losses": [
        1333.278208842443,
        705.7528880675488,
        509.534915038393,
        419.3337094657382,
        371.96380054536644,
        347.02347072343287,
        331.98510591552287,
        322.02101803348967,
        313.8597881589119,
        313.2939051431101,
        308.7097440506902,
        304.85708632111766,
        302.6713075794729,
        299.82531983760856,
        296.76716189759304,
        297.5330332280077,
        298.25304905195776,
        293.91743502712774
    ],
    "val_losses": [
        796.5945325948425,
        567.6066020383673,
        418.7365654121011,
        358.0111981408071,
        337.88131830247784,
        330.73333662647315,
        301.2943522566456,
        294.5784459518174,
        289.4578409356586,
        303.8949295302569,
        278.69921241372316,
        278.52959739555746,
        275.8576702829135,
        276.48488461769233,
        281.64583225573523,
        278.84961558196505,
        291.39067685402046,
        277.9187314308296
    ]
}