{
    "train_losses": [
        3693.014404296875
    ],
    "val_losses": [
        581.5222778320312
    ]
}