{
    "train_losses": [
        4278.45166015625,
        4231.6474609375
    ],
    "val_losses": [
        766.4775390625,
        744.0584716796875
    ]
}