{
    "train_losses": [
        574.2342693321883,
        256.43782086694915,
        249.7243408677347,
        247.87008742309794,
        247.10812343060425,
        244.66125532913907,
        244.07061703418682,
        243.53921119648098,
        242.21616048307263,
        241.72054731518958
    ],
    "val_losses": [
        313.1872690491757,
        244.02645408501058,
        234.04266538458356,
        229.6903863034006,
        226.40480655734822,
        227.47523634312518,
        243.63178227311474,
        230.44708012726346,
        233.25902201765675,
        226.46893827793963
    ]
}