{
    "train_losses": [
        298.83862516387507,
        6.620330176144239,
        3.2678229676957975,
        2.0412439175045467,
        1.1945707975483246,
        0.869362896495589,
        0.7952869997327463,
        0.7974429606669454,
        0.7955928327791543,
        0.7222305455686051,
        0.6778370567803463,
        0.6128060049862623,
        0.4889898372088751,
        0.7395671862747922,
        0.39480830789790566,
        0.5066381632920757,
        0.37934562288245127,
        0.5452662392092061,
        0.476641036617745,
        0.46229178828938133,
        0.31411345548403385,
        0.331841354942804,
        0.5556513032649509,
        0.3808383264185578,
        0.337609031224041,
        0.49840304406506214
    ],
    "val_losses": [
        12.031594337043115,
        3.6426054875729448,
        1.8799955622624542,
        3.457940871432676,
        0.47939041597863374,
        0.48134394128948954,
        0.3666185321823015,
        0.2444123001769185,
        0.5142409862098047,
        0.30283660067529494,
        0.23236361938386652,
        0.3294819330765029,
        0.2081968772019875,
        0.3990400482789945,
        0.15564871270020128,
        0.1256355035781734,
        0.949521896318864,
        0.8905177224995726,
        0.9927964821710424,
        0.2746993970062773,
        0.09009312110621545,
        0.09014733432460639,
        0.10046761363776306,
        0.2066666444731971,
        0.1530381674736233,
        0.1379489795446901
    ]
}