{
    "train_losses": [
        3688.521484375
    ],
    "val_losses": [
        578.631103515625
    ]
}
