{
    "train_losses": [
        3683.471435546875,
        3675.054931640625
    ],
    "val_losses": [
        578.1954345703125,
        573.518310546875
    ]
}