{
    "train_losses": [
        3687.99462890625,
        3600.705078125
    ],
    "val_losses": [
        546.1561889648438,
        508.02294921875
    ]
}