{
    "train_losses": [
        2565.1284889914773,
        1158.7377186168324,
        944.7548739346591,
        943.7751592462713,
        943.7409412730824,
        942.9161121715199
    ],
    "val_losses": [
        2011.9348754882812,
        934.0096638997396,
        921.3709513346354,
        922.2531433105469,
        925.5913492838541,
        927.0483754475912
    ]
}