{
    "train_losses": [
        3728.122314453125,
        3630.09326171875
    ],
    "val_losses": [
        554.4457397460938,
        519.1705932617188
    ]
}